{
    "orientation":"Up",
    "lanFrom":"en",
    "textAngle":"0.0",
    "errorCode":"0",
    "lanTo":"zh-CHS",
    "resRegions":[
        {
            "boundingBox":"62,58,606,170",
            "linesCount":3,
            "lineheight":42,
            "context":"Zhou Jie's father is a doctor. A big hospital in Beijing wants him to go and work there.",
            "linespace":13,
            "tranContent":"周杰的父亲是一名医生。北京的一家大医院希望他去那里工作。",
            "dir":"h",
            "lang":"en"
        },
        {
            "boundingBox":"48,227,629,173",
            "linesCount":3,
            "lineheight":42,
            "context":"Zhou Jie and his mother will go with him and live in Beijing, too. Li Wei feels sad.",
            "linespace":19,
            "tranContent":"周杰和他的妈妈也会和他一起去住在北京。李伟感到很难过。",
            "dir":"h",
            "lang":"en"
        },
        {
            "boundingBox":"48,402,630,55",
            "linesCount":1,
            "lineheight":42,
            "context":"He will miss his best friend.",
            "tranContent":"他会想念他最好的朋友。",
            "dir":"h",
            "lang":"en"
        },
        {
            "boundingBox":"23,463,670,274",
            "linesCount":4,
            "lineheight":52,
            "context":"So the two friends give each other a card. Inside the cards, they write, "Goodbye. I'll miss you! Please email me, OK?"",
            "linespace":14,
            "tranContent":"所以这两个朋友给了对方一张卡片。卡片里面写着:“再见。”我会想念你的!请发邮件给我，好吗?",
            "dir":"h",
            "lang":"en"
        }
    ]
}